question,answer,category,difficulty
"什么是知识库RAG系统？","知识库RAG（Retrieval-Augmented Generation）系统是一个结合了信息检索和生成式AI的智能问答系统。它可以从大量文档中检索相关信息，然后基于这些信息生成准确的答案。","系统介绍","初级"
"系统支持哪些文档格式？","系统支持多种文档格式，包括Markdown(.md)、纯文本(.txt)、CSV(.csv)、PDF(.pdf)和Word文档(.docx)。每种格式都有专门的处理器来提取和处理内容。","文档格式","初级"
"如何创建新的文档集合？","可以通过KnowledgeBaseManager的create_collection方法创建新集合。需要提供集合名称和描述，系统会自动生成唯一的集合ID。","基本操作","初级"
"文档上传后多久可以搜索？","文档上传后需要经过处理阶段，包括文本提取、分块和向量化。处理时间取决于文档大小和复杂度，通常几分钟到几十分钟不等。可以通过get_processing_status方法查看处理进度。","文档处理","中级"
"如何提高搜索结果的准确性？","提高搜索准确性的方法包括：1）使用具体明确的查询词；2）确保文档内容质量高；3）合理设置chunk_size和chunk_overlap参数；4）选择合适的集合进行搜索；5）调整top_k参数获取更多候选结果。","搜索优化","中级"
"系统如何处理中文文档？","系统完全支持中文文档处理。使用UTF-8编码确保中文字符正确处理，内置的分词和向量化模型支持中文语义理解，可以准确处理中英文混合内容。","多语言支持","中级"
"什么是文档分块（Chunking）？","文档分块是将长文档切分成较小片段的过程。这样做是因为向量数据库和语言模型对输入长度有限制。系统会智能地在句子或段落边界进行分块，并保持一定的重叠以保持上下文连贯性。","技术概念","中级"
"如何配置ChromaDB连接？","ChromaDB支持本地和远程连接。本地连接只需指定存储路径，远程连接需要配置主机、端口、认证信息等。可以通过save_chromadb_config函数保存配置。","数据库配置","中级"
"系统的性能瓶颈在哪里？","主要性能瓶颈包括：1）文档处理阶段的文本提取和向量化；2）大规模向量搜索的计算开销；3）内存使用，特别是缓存大量向量数据；4）网络延迟，特别是使用远程API服务时。","性能优化","高级"
"如何实现批量文档处理？","可以使用OptimizedKnowledgeBaseManager的add_documents_batch方法进行批量处理。系统会自动将文档分批并行处理，提高处理效率。建议根据系统资源调整batch_size和max_concurrent_batches参数。","批量操作","高级"
"缓存机制是如何工作的？","系统实现了多层缓存：1）嵌入向量缓存，避免重复计算相同文本的向量；2）查询结果缓存，缓存常见查询的结果；3）连接池，复用API连接。缓存使用LRU策略管理内存使用。","缓存机制","高级"
"如何监控系统性能？","系统提供了PerformanceMonitor类来监控各种性能指标，包括操作响应时间、内存使用、缓存命中率等。可以通过get_performance_insights方法获取详细的性能报告和优化建议。","性能监控","高级"
"出现内存不足错误怎么办？","内存不足时可以：1）减少缓存大小配置；2）使用optimize_memory_usage方法清理缓存；3）分批处理大量文档；4）调整chunk_size减少内存占用；5）增加系统内存或使用更强大的硬件。","故障排除","高级"
"如何备份和恢复知识库数据？","知识库数据包括文档元数据（JSON文件）和向量数据（ChromaDB）。备份时需要同时备份storage_path下的所有文件和ChromaDB数据目录。恢复时确保路径配置正确。","数据管理","高级"
"系统支持哪些AI模型？","系统支持多种AI服务提供商，包括OpenAI、Azure OpenAI、Google AI、Anthropic等。也支持本地模型如Ollama。可以通过配置文件灵活切换不同的模型和服务。","模型集成","中级"
"如何处理敏感信息？","处理敏感信息时应：1）确保数据传输加密；2）使用本地模型避免数据外传；3）实施访问控制和权限管理；4）定期清理缓存中的敏感数据；5）遵循相关的数据保护法规。","安全性","高级"
"文档更新后如何刷新知识库？","文档更新后需要重新上传和处理。系统会自动覆盖旧版本的文档。为了确保搜索结果的一致性，建议使用invalidate_collection_cache方法清除相关缓存。","数据更新","中级"
"如何自定义文档处理器？","可以继承DocumentProcessor类并重写相应的处理方法。需要实现extract_text、chunk_text等方法。自定义处理器可以处理特殊格式的文档或实现特定的分块策略。","扩展开发","高级"
"系统的并发处理能力如何？","系统支持多线程并发处理，可以同时处理多个文档上传任务和搜索请求。并发数量可以通过max_concurrent_tasks和max_workers参数配置。建议根据硬件资源合理设置。","并发处理","中级"
"如何集成到现有应用中？","系统提供了完整的Python API，可以轻松集成到现有应用中。主要步骤包括：1）安装依赖；2）配置知识库和AI服务；3）初始化管理器；4）调用相应的API方法。也提供了UI组件用于图形界面集成。","系统集成","中级"